Company Name,Ticker,Industry,Year,Revenue,Cost of Sales / COGS,Gross Profit,Operating Profit / EBIT,EBITDA,Interest Expense,Net Income,Cash & Cash Equivalents,Accounts Receivable,Inventory,Current Assets,Total Assets,Current Liabilities,Total Liabilities,Short-Term Debt,Long-Term Debt,Total Debt,Total Equity,Operating Cash Flow,Investing Cash Flow,Financing Cash Flow,Capital Expenditure,Distress Status,Distress Event,Distress Event Year
"American Airlines Group, Inc.",AAL,Airlines,2023,52788000000.0,40978000000.0,11810000000.0,4005000000.0,5520000000.0,2145000000.0,822000000.0,578000000.0,2026000000.0,2400000000.0,13572000000.0,63058000000.0,22062000000.0,68260000000.0,3501000000.0,28895000000.0,32396000000.0,-5202000000.0,3803000000.0,-502000000.0,-3206000000.0,-2596000000.0,1.0,Negative Stockholder Equity / Excessive Leverage,2023.0
"American Airlines Group, Inc.",AAL,Airlines,2024,54211000000.0,42746000000.0,11465000000.0,3224000000.0,5333000000.0,1934000000.0,846000000.0,804000000.0,2006000000.0,2638000000.0,13154000000.0,61783000000.0,24295000000.0,65760000000.0,5270000000.0,24617000000.0,29887000000.0,-3977000000.0,3983000000.0,-968000000.0,-2794000000.0,-2683000000.0,0.0,,
"American Airlines Group, Inc.",AAL,Airlines,2025,54633000000.0,44162000000.0,10471000000.0,1626000000.0,4125000000.0,1716000000.0,111000000.0,954000000.0,2075000000.0,2792000000.0,12205000000.0,61774000000.0,24492000000.0,65501000000.0,4555000000.0,24639000000.0,29194000000.0,-3727000000.0,3099000000.0,-1894000000.0,-1051000000.0,-3779000000.0,0.0,,
Apple Inc.,AAPL,Consumer Electronics,2023,383285000000.0,214137000000.0,169148000000.0,114301000000.0,125820000000.0,3933000000.0,96995000000.0,29965000000.0,60985000000.0,6331000000.0,143566000000.0,352583000000.0,145308000000.0,290437000000.0,15807000000.0,95281000000.0,111088000000.0,62146000000.0,110543000000.0,3705000000.0,-108488000000.0,-10959000000.0,0.0,,
Apple Inc.,AAPL,Consumer Electronics,2024,391035000000.0,210352000000.0,180683000000.0,123216000000.0,134661000000.0,,93736000000.0,29943000000.0,66243000000.0,7286000000.0,152987000000.0,364980000000.0,176392000000.0,308030000000.0,20879000000.0,85750000000.0,106629000000.0,56950000000.0,118254000000.0,2935000000.0,-121983000000.0,-9447000000.0,0.0,,
Apple Inc.,AAPL,Consumer Electronics,2025,416161000000.0,220960000000.0,195201000000.0,133050000000.0,144748000000.0,,112010000000.0,35934000000.0,72957000000.0,5718000000.0,147957000000.0,359241000000.0,165631000000.0,285508000000.0,20329000000.0,78328000000.0,98657000000.0,73733000000.0,111482000000.0,15195000000.0,-120686000000.0,-12715000000.0,0.0,,
AbbVie Inc.,ABBV,Drug Manufacturers - General,2023,54318000000.0,20415000000.0,33903000000.0,13535000000.0,17172000000.0,2224000000.0,4863000000.0,12814000000.0,11155000000.0,4099000000.0,33002000000.0,134711000000.0,37841000000.0,124314000000.0,7191000000.0,52194000000.0,59385000000.0,10360000000.0,22839000000.0,-2009000000.0,-17222000000.0,-777000000.0,0.0,,
AbbVie Inc.,ABBV,Drug Manufacturers - General,2024,56334000000.0,16904000000.0,39430000000.0,11894000000.0,14910000000.0,2808000000.0,4278000000.0,5524000000.0,10919000000.0,4181000000.0,25582000000.0,135161000000.0,38749000000.0,131797000000.0,6804000000.0,60340000000.0,67144000000.0,3325000000.0,18806000000.0,-20820000000.0,-5211000000.0,-974000000.0,0.0,,
AbbVie Inc.,ABBV,Drug Manufacturers - General,2025,61160000000.0,18204000000.0,42956000000.0,20091000000.0,17629000000.0,2893000000.0,4226000000.0,5229000000.0,12589000000.0,4951000000.0,29062000000.0,133960000000.0,43289000000.0,137188000000.0,8555000000.0,58941000000.0,67496000000.0,-3270000000.0,19030000000.0,-6643000000.0,-12724000000.0,-1214000000.0,0.0,,
Abbott Laboratories,ABT,Medical Devices,2023,40109000000.0,17975000000.0,22134000000.0,6478000000.0,10544000000.0,637000000.0,5723000000.0,6896000000.0,8821000000.0,6570000000.0,22670000000.0,73214000000.0,13841000000.0,34387000000.0,1080000000.0,13599000000.0,14679000000.0,38603000000.0,7261000000.0,-3133000000.0,-7091000000.0,-2202000000.0,0.0,,
Abbott Laboratories,ABT,Medical Devices,2024,41950000000.0,18706000000.0,23244000000.0,6825000000.0,10790000000.0,559000000.0,13402000000.0,7616000000.0,9495000000.0,6194000000.0,23656000000.0,81414000000.0,14157000000.0,33513000000.0,1500000000.0,12625000000.0,14125000000.0,47664000000.0,8558000000.0,-2338000000.0,-5404000000.0,-2207000000.0,0.0,,
Abbott Laboratories,ABT,Medical Devices,2025,44328000000.0,19319000000.0,25009000000.0,8053000000.0,12075000000.0,493000000.0,6524000000.0,8522000000.0,10569000000.0,6488000000.0,25996000000.0,86713000000.0,16496000000.0,33942000000.0,3033000000.0,9896000000.0,12929000000.0,52130000000.0,9566000000.0,-2422000000.0,-6309000000.0,-2171000000.0,0.0,,
Adobe Inc.,ADBE,Software - Application,2023,19409000000.0,2354000000.0,17055000000.0,6650000000.0,7784000000.0,113000000.0,5428000000.0,7141000000.0,2224000000.0,0.0,11084000000.0,29779000000.0,8251000000.0,13261000000.0,73000000.0,3634000000.0,3707000000.0,16518000000.0,7302000000.0,776000000.0,-5182000000.0,-360000000.0,0.0,,
Adobe Inc.,ADBE,Software - Application,2024,21505000000.0,2358000000.0,19147000000.0,7741000000.0,7957000000.0,169000000.0,5560000000.0,7613000000.0,2072000000.0,0.0,11232000000.0,30230000000.0,10521000000.0,16125000000.0,1499000000.0,4129000000.0,5628000000.0,14105000000.0,8056000000.0,149000000.0,-7724000000.0,-183000000.0,0.0,,
Adobe Inc.,ADBE,Software - Application,2025,23769000000.0,2551000000.0,21218000000.0,8706000000.0,9815000000.0,263000000.0,7130000000.0,5431000000.0,2344000000.0,0.0,10163000000.0,29496000000.0,10200000000.0,17873000000.0,77000000.0,6210000000.0,6287000000.0,11623000000.0,10031000000.0,-1187000000.0,-11060000000.0,-179000000.0,0.0,,
"AMC Entertainment Holdings, Inc",AMC,Entertainment,2023,4812600000.0,1606400000.0,3206200000.0,39100000.0,383000000.0,411200000.0,-396600000.0,884300000.0,205200000.0,39500000.0,1203100000.0,9009200000.0,1632400000.0,10857100000.0,25100000.0,4552300000.0,4577400000.0,-1847900000.0,-215200000.0,-180100000.0,649300000.0,-229600000.0,1.0,Severe Debt Restructuring & Dilution,2023.0
"AMC Entertainment Holdings, Inc",AMC,Entertainment,2024,4637200000.0,1544800000.0,3092400000.0,-6800000.0,412700000.0,443700000.0,-352600000.0,632300000.0,169500000.0,51200000.0,947200000.0,8247500000.0,1744800000.0,10008000000.0,64200000.0,4010900000.0,4075100000.0,-1760500000.0,-50800000.0,-242900000.0,68400000.0,-245500000.0,0.0,,
"AMC Entertainment Holdings, Inc",AMC,Entertainment,2025,4848900000.0,1602200000.0,3246700000.0,40500000.0,215700000.0,530200000.0,-632400000.0,428500000.0,157300000.0,42600000.0,730500000.0,8017800000.0,1772300000.0,9912600000.0,19900000.0,4018600000.0,4038500000.0,-1894800000.0,-119800000.0,-221600000.0,125200000.0,-246100000.0,0.0,,
"Amazon.com, Inc.",AMZN,Internet Retail,2023,574785000000.0,304739000000.0,270046000000.0,36852000000.0,89402000000.0,3182000000.0,30425000000.0,73387000000.0,52253000000.0,33318000000.0,172351000000.0,527854000000.0,164917000000.0,325979000000.0,0.0,58314000000.0,58314000000.0,201875000000.0,84946000000.0,-49833000000.0,-15879000000.0,-52729000000.0,0.0,,
"Amazon.com, Inc.",AMZN,Internet Retail,2024,637959000000.0,326288000000.0,311671000000.0,68593000000.0,123815000000.0,2406000000.0,59248000000.0,78779000000.0,55451000000.0,34214000000.0,190867000000.0,624894000000.0,179431000000.0,338924000000.0,0.0,52623000000.0,52623000000.0,285970000000.0,115877000000.0,-94342000000.0,-11812000000.0,-82999000000.0,0.0,,
"Amazon.com, Inc.",AMZN,Internet Retail,2025,716924000000.0,356414000000.0,360510000000.0,79975000000.0,165341000000.0,2274000000.0,77670000000.0,86810000000.0,67729000000.0,38325000000.0,229083000000.0,818042000000.0,218005000000.0,406977000000.0,0.0,65648000000.0,65648000000.0,411065000000.0,139514000000.0,-142545000000.0,9661000000.0,-131819000000.0,0.0,,
BlackBerry Limited,BB,Software - Infrastructure,2023,526300000.0,159700000.0,366600000.0,-69600000.0,-90700000.0,6400000.0,-734400000.0,295000000.0,135000000.0,0.0,743000000.0,1679000000.0,729000000.0,822000000.0,367000000.0,52000000.0,419000000.0,857000000.0,-262200000.0,175200000.0,6000000.0,-40900000.0,1.0,Strategic Review & Debt Refinancing,2024.0
BlackBerry Limited,BB,Software - Infrastructure,2024,759100000.0,268400000.0,490700000.0,45600000.0,93900000.0,5600000.0,-130200000.0,175100000.0,223700000.0,0.0,507500000.0,1395000000.0,356900000.0,619900000.0,19600000.0,194100000.0,213700000.0,775100000.0,-3500000.0,46600000.0,-165100000.0,-20900000.0,1.0,Strategic Review & Debt Refinancing,2024.0
BlackBerry Limited,BB,Software - Infrastructure,2025,534900000.0,140000000.0,394900000.0,13100000.0,59200000.0,6000000.0,-79000000.0,266700000.0,223700000.0,0.0,591500000.0,1295600000.0,344300000.0,575700000.0,15000000.0,195300000.0,210300000.0,719900000.0,16500000.0,60700000.0,3100000.0,-10100000.0,0.0,,
Blink Charging Co.,BLNK,Engineering & Construction,2023,140129000.0,100392000.0,39737000.0,-105340000.0,-186212000.0,3546000.0,-203693000.0,98721000.0,45447000.0,47942000.0,221734000.0,428519000.0,69701000.0,139122000.0,6792000.0,7188000.0,13980000.0,289397000.0,-97570000.0,-36210000.0,197315000.0,-8580000.0,1.0,Operating Cash Deficit / Restructuring Plan,2024.0
Blink Charging Co.,BLNK,Engineering & Construction,2024,122989000.0,86392000.0,36597000.0,-73298000.0,-187480000.0,431000.0,-201318000.0,41774000.0,42072000.0,36608000.0,139480000.0,215026000.0,59468000.0,99510000.0,265000.0,7259000.0,7524000.0,115516000.0,-48291000.0,5277000.0,-12419000.0,-8617000.0,1.0,Operating Cash Deficit / Restructuring Plan,2024.0
Blink Charging Co.,BLNK,Engineering & Construction,2025,103210000.0,78017000.0,25193000.0,-74679000.0,-65083000.0,,-83385000.0,39568000.0,29532000.0,14153000.0,89318000.0,147453000.0,63472000.0,82963000.0,265000.0,4868000.0,5133000.0,64490000.0,-30857000.0,8544000.0,19267000.0,-9913000.0,0.0,,
"Beyond Meat, Inc.",BYND,Packaged Foods,2023,343376000.0,426031000.0,-82655000.0,-325890000.0,-282188000.0,3955000.0,-338144000.0,190505000.0,31730000.0,130336000.0,372844000.0,774450000.0,74354000.0,1287818000.0,3677000.0,1137542000.0,1141219000.0,-513368000.0,-107825000.0,-9491000.0,-550000.0,-10564000.0,1.0,Balance Sheet Restructuring / Going Concern Evaluation,2024.0
"Beyond Meat, Inc.",BYND,Packaged Foods,2024,326452000.0,284753000.0,41699000.0,-156124000.0,-133013000.0,4097000.0,-160278000.0,131913000.0,26862000.0,113444000.0,286456000.0,678146000.0,61453000.0,1279354000.0,4976000.0,1141476000.0,1146452000.0,-601208000.0,-98813000.0,-6232000.0,45777000.0,-11015000.0,1.0,Balance Sheet Restructuring / Going Concern Evaluation,2024.0
"Beyond Meat, Inc.",BYND,Packaged Foods,2025,275496000.0,267850000.0,7646000.0,-233346000.0,265903000.0,14028000.0,178012000.0,203890000.0,26060000.0,84032000.0,341484000.0,614747000.0,74917000.0,615744000.0,6517000.0,420806000.0,427323000.0,-997000.0,-144931000.0,-10250000.0,223410000.0,-12308000.0,0.0,,
Carnival Corporation Ltd.,CCL,Travel Services,2023,21593000000.0,14317000000.0,7276000000.0,1956000000.0,4374000000.0,2066000000.0,-74000000.0,2415000000.0,556000000.0,528000000.0,5266000000.0,49120000000.0,11481000000.0,42237000000.0,2089000000.0,28483000000.0,30572000000.0,6883000000.0,4281000000.0,-2810000000.0,-5089000000.0,-3284000000.0,1.0,Post-Pandemic Distressed Debt Refinancing,2023.0
Carnival Corporation Ltd.,CCL,Travel Services,2024,25021000000.0,15638000000.0,9383000000.0,3574000000.0,6227000000.0,1755000000.0,1916000000.0,1210000000.0,590000000.0,507000000.0,3378000000.0,49057000000.0,11617000000.0,39805000000.0,1538000000.0,25936000000.0,27474000000.0,9252000000.0,5923000000.0,-4535000000.0,-2584000000.0,-4626000000.0,0.0,,
Carnival Corporation Ltd.,CCL,Travel Services,2025,26621000000.0,15947000000.0,10674000000.0,4482000000.0,6911000000.0,1349000000.0,2760000000.0,1928000000.0,678000000.0,505000000.0,4219000000.0,51687000000.0,13092000000.0,39403000000.0,2603000000.0,24037000000.0,26640000000.0,12284000000.0,6218000000.0,-3321000000.0,-2189000000.0,-3611000000.0,0.0,,
"ChargePoint Holdings, Inc.",CHPT,Specialty Retail,2023,468094000.0,382161000.0,85933000.0,-341782000.0,-312791000.0,9434000.0,-345108000.0,264162000.0,164892000.0,68730000.0,704170000.0,1079957000.0,284336000.0,724965000.0,0.0,294936000.0,294936000.0,354992000.0,-267049000.0,-126154000.0,372859000.0,-18563000.0,1.0,Restructuring / Severe Cash Burn,2024.0
"ChargePoint Holdings, Inc.",CHPT,Specialty Retail,2024,506639000.0,476521000.0,30118000.0,-449951000.0,-412871000.0,16273000.0,-457609000.0,327410000.0,124049000.0,198580000.0,742683000.0,1103363000.0,330153000.0,775687000.0,0.0,283704000.0,283704000.0,327676000.0,-328941000.0,85576000.0,306524000.0,-19424000.0,1.0,Restructuring / Severe Cash Burn,2024.0
"ChargePoint Holdings, Inc.",CHPT,Specialty Retail,2025,417083000.0,316402000.0,100681000.0,-252999000.0,-218849000.0,24653000.0,-277066000.0,224571000.0,95906000.0,209262000.0,566574000.0,898175000.0,293746000.0,760704000.0,0.0,297092000.0,297092000.0,137471000.0,-146947000.0,-12073000.0,28538000.0,-12073000.0,0.0,,
"Clover Health Investments, Corp",CLOV,Healthcare Plans,2023,1260543000.0,1004590000.0,255953000.0,-179563000.0,-207632000.0,7000.0,-213361000.0,116407000.0,86240000.0,0.0,427970000.0,570671000.0,261115000.0,284277000.0,1665000.0,2998000.0,4663000.0,286394000.0,-144662000.0,140013000.0,-5070000.0,-584000.0,1.0,Major Operating Deficits & Restructuring,2023.0
"Clover Health Investments, Corp",CLOV,Healthcare Plans,2024,1371131000.0,1006327000.0,364804000.0,-45461000.0,-44935000.0,0.0,-43009000.0,194543000.0,92792000.0,0.0,343124000.0,580742000.0,213516000.0,239599000.0,0.0,0.0,0.0,341143000.0,34845000.0,565000.0,-17361000.0,-1556000.0,0.0,,
"Clover Health Investments, Corp",CLOV,Healthcare Plans,2025,1924308000.0,1568406000.0,355902000.0,-85529000.0,-83863000.0,0.0,-85549000.0,78301000.0,158741000.0,0.0,307855000.0,541011000.0,208823000.0,232307000.0,0.0,0.0,0.0,308704000.0,-66934000.0,4076000.0,-53384000.0,-2043000.0,0.0,,
Costco Wholesale Corporation,COST,Discount Stores,2023,242290000000.0,212586000000.0,29704000000.0,8114000000.0,10724000000.0,160000000.0,6292000000.0,13700000000.0,2285000000.0,16651000000.0,35879000000.0,68994000000.0,33583000000.0,43936000000.0,1081000000.0,5377000000.0,6458000000.0,25058000000.0,11068000000.0,-4972000000.0,-2614000000.0,-4323000000.0,0.0,,
Costco Wholesale Corporation,COST,Discount Stores,2024,254453000000.0,222358000000.0,32095000000.0,9285000000.0,12146000000.0,169000000.0,7367000000.0,9906000000.0,2721000000.0,18647000000.0,34246000000.0,69831000000.0,35464000000.0,46209000000.0,103000000.0,5794000000.0,5897000000.0,23622000000.0,11339000000.0,-4409000000.0,-10764000000.0,-4710000000.0,0.0,,
Costco Wholesale Corporation,COST,Discount Stores,2025,275235000000.0,239886000000.0,35349000000.0,10383000000.0,13398000000.0,154000000.0,8099000000.0,14161000000.0,3203000000.0,18116000000.0,38380000000.0,77099000000.0,37108000000.0,47935000000.0,0.0,5713000000.0,5713000000.0,29164000000.0,13335000000.0,-5311000000.0,-3775000000.0,-5498000000.0,0.0,,
"Cisco Systems, Inc.",CSCO,Communication Equipment,2023,56998000000.0,21245000000.0,35753000000.0,15562000000.0,17471000000.0,427000000.0,12613000000.0,10123000000.0,9206000000.0,3644000000.0,43348000000.0,101852000000.0,31309000000.0,57499000000.0,1733000000.0,6658000000.0,8391000000.0,44353000000.0,19886000000.0,-5107000000.0,-11626000000.0,-849000000.0,0.0,,
"Cisco Systems, Inc.",CSCO,Communication Equipment,2024,53803000000.0,18975000000.0,34828000000.0,12970000000.0,15747000000.0,1006000000.0,10320000000.0,7508000000.0,10023000000.0,3373000000.0,36862000000.0,124413000000.0,40584000000.0,78956000000.0,11341000000.0,19632000000.0,30973000000.0,45457000000.0,10880000000.0,-20478000000.0,6844000000.0,-670000000.0,0.0,,
"Cisco Systems, Inc.",CSCO,Communication Equipment,2025,56654000000.0,19864000000.0,36790000000.0,12504000000.0,15504000000.0,1593000000.0,10180000000.0,8346000000.0,9762000000.0,3164000000.0,34986000000.0,122291000000.0,35064000000.0,75448000000.0,5232000000.0,22861000000.0,28093000000.0,46843000000.0,14193000000.0,1733000000.0,-15815000000.0,-905000000.0,0.0,,
Carvana Co.,CVNA,Auto & Truck Dealerships,2023,10771000000.0,9047000000.0,1724000000.0,-80000000.0,1159000000.0,632000000.0,450000000.0,530000000.0,266000000.0,1150000000.0,3321000000.0,7071000000.0,1536000000.0,7455000000.0,857000000.0,5416000000.0,6273000000.0,243000000.0,803000000.0,31000000.0,-868000000.0,-87000000.0,1.0,Out-of-Court Distressed Debt Exchange,2023.0
Carvana Co.,CVNA,Auto & Truck Dealerships,2024,13673000000.0,10797000000.0,2876000000.0,990000000.0,1356000000.0,651000000.0,210000000.0,1716000000.0,307000000.0,1608000000.0,4869000000.0,8484000000.0,1338000000.0,7109000000.0,376000000.0,5256000000.0,5632000000.0,1260000000.0,918000000.0,-13000000.0,261000000.0,-91000000.0,0.0,,
Carvana Co.,CVNA,Auto & Truck Dealerships,2025,20322000000.0,16130000000.0,4192000000.0,1881000000.0,-110000000.0,505000000.0,1407000000.0,2327000000.0,250000000.0,2408000000.0,6549000000.0,13201000000.0,1519000000.0,8998000000.0,285000000.0,4830000000.0,5115000000.0,3441000000.0,1036000000.0,-230000000.0,-137000000.0,-147000000.0,0.0,,
Chevron Corporation,CVX,Oil & Gas Integrated,2023,196913000000.0,136522000000.0,60391000000.0,26229000000.0,47815000000.0,469000000.0,21369000000.0,8178000000.0,19921000000.0,8612000000.0,41128000000.0,261632000000.0,32258000000.0,99703000000.0,469000000.0,19733000000.0,20202000000.0,160957000000.0,35609000000.0,-15232000000.0,-30109000000.0,-15829000000.0,0.0,,
Chevron Corporation,CVX,Oil & Gas Integrated,2024,193414000000.0,136488000000.0,56926000000.0,18917000000.0,45811000000.0,594000000.0,17661000000.0,6781000000.0,20684000000.0,9074000000.0,40911000000.0,256938000000.0,38558000000.0,103781000000.0,4348000000.0,19589000000.0,23937000000.0,152318000000.0,31492000000.0,-8936000000.0,-23472000000.0,-16448000000.0,0.0,,
Chevron Corporation,CVX,Oil & Gas Integrated,2025,184432000000.0,128346000000.0,56086000000.0,16674000000.0,41417000000.0,1217000000.0,12299000000.0,6293000000.0,18075000000.0,9711000000.0,38552000000.0,324012000000.0,33387000000.0,131836000000.0,191000000.0,39122000000.0,39313000000.0,186450000000.0,33939000000.0,-15911000000.0,-19063000000.0,-17347000000.0,0.0,,
fuboTV Inc.,FUBO,Broadcasting,2023,1368225000.0,1282077000.0,86148000.0,-289350000.0,-238073000.0,16286000.0,-287454000.0,245278000.0,80299000.0,0.0,386754000.0,1232640000.0,517345000.0,948815000.0,7935000.0,391748000.0,399683000.0,295576000.0,-177622000.0,-25417000.0,111233000.0,-21945000.0,1.0,Going Concern Warning / Legal Liquidity Injunction,2023.0
fuboTV Inc.,FUBO,Broadcasting,2024,1622796000.0,1418885000.0,203911000.0,-192208000.0,-113731000.0,20852000.0,-172254000.0,161435000.0,71078000.0,0.0,274033000.0,1077428000.0,515322000.0,896646000.0,8066000.0,332383000.0,340449000.0,196370000.0,-79478000.0,-15835000.0,11465000.0,-15835000.0,0.0,,
GameStop Corporation,GME,Specialty Retail,2023,5927200000.0,4555100000.0,1372100000.0,-308900000.0,-247200000.0,,-313100000.0,1139000000.0,153900000.0,682900000.0,2323700000.0,3113400000.0,1339100000.0,1791100000.0,10800000.0,28700000.0,39500000.0,1322300000.0,108200000.0,-222700000.0,-7900000.0,-55900000.0,,,
GameStop Corporation,GME,Specialty Retail,2024,5272800000.0,3978600000.0,1294200000.0,-29700000.0,26500000.0,,6700000.0,921700000.0,91000000.0,632500000.0,1974200000.0,2709000000.0,934500000.0,1370400000.0,10800000.0,17700000.0,28500000.0,1338600000.0,-203700000.0,-33200000.0,-11600000.0,-34900000.0,,,
GameStop Corporation,GME,Specialty Retail,2025,3823000000.0,2709100000.0,1113900000.0,-16500000.0,22400000.0,,131300000.0,4756900000.0,60900000.0,480200000.0,5355000000.0,5875400000.0,665400000.0,945600000.0,10300000.0,6600000.0,16900000.0,4929800000.0,145700000.0,265100000.0,3443000000.0,-16100000.0,,,
Alphabet Inc.,GOOGL,Internet Content & Information,2023,307394000000.0,133332000000.0,174062000000.0,84293000000.0,97971000000.0,308000000.0,73795000000.0,24048000000.0,47964000000.0,0.0,171530000000.0,402392000000.0,81814000000.0,,2791000000.0,11870000000.0,14661000000.0,283379000000.0,101746000000.0,-27063000000.0,-72093000000.0,-32251000000.0,0.0,,
Alphabet Inc.,GOOGL,Internet Content & Information,2024,350018000000.0,146306000000.0,203712000000.0,112390000000.0,135394000000.0,268000000.0,100118000000.0,23466000000.0,52340000000.0,0.0,163711000000.0,450256000000.0,89122000000.0,,2887000000.0,10883000000.0,13770000000.0,325084000000.0,125299000000.0,-45536000000.0,-79733000000.0,-52535000000.0,0.0,,
Alphabet Inc.,GOOGL,Internet Content & Information,2025,402836000000.0,162535000000.0,240301000000.0,129039000000.0,180698000000.0,736000000.0,132170000000.0,30708000000.0,62886000000.0,0.0,206038000000.0,595281000000.0,102745000000.0,,0.0,46547000000.0,46547000000.0,415265000000.0,164713000000.0,-120291000000.0,-37388000000.0,-91447000000.0,0.0,,
"GoPro, Inc.",GPRO,Consumer Electronics,2023,1005459000.0,681886000.0,323573000.0,-74500000.0,-56874000.0,4699000.0,-53183000.0,222708000.0,91452000.0,106266000.0,482591000.0,967951000.0,279094000.0,412105000.0,10520000.0,92615000.0,103135000.0,555846000.0,-32863000.0,121902000.0,-90382000.0,-1520000.0,1.0,Operational Restructuring & Workforce Reductions,2024.0
"GoPro, Inc.",GPRO,Consumer Electronics,2024,801473000.0,530178000.0,271295000.0,-127172000.0,-123269000.0,3329000.0,-432311000.0,102811000.0,85944000.0,120716000.0,339245000.0,543678000.0,356267000.0,391989000.0,93208000.0,18067000.0,111275000.0,151689000.0,-125141000.0,7653000.0,-929000.0,-4039000.0,1.0,Operational Restructuring & Workforce Reductions,2024.0
"GoPro, Inc.",GPRO,Consumer Electronics,2025,651542000.0,432376000.0,219166000.0,-62119000.0,-75931000.0,8452000.0,-93487000.0,49674000.0,93513000.0,78431000.0,252569000.0,427983000.0,277171000.0,351433000.0,19598000.0,44322000.0,63920000.0,76550000.0,-20669000.0,-3362000.0,-30112000.0,-3362000.0,0.0,,
"Home Depot, Inc. (The)",HD,Home Improvement Retail,2023,157403000000.0,104625000000.0,52778000000.0,24039000000.0,27069000000.0,1617000000.0,17105000000.0,2757000000.0,3317000000.0,24886000000.0,32471000000.0,76445000000.0,23110000000.0,74883000000.0,1231000000.0,41962000000.0,43193000000.0,1562000000.0,14615000000.0,-3140000000.0,-10993000000.0,-3119000000.0,0.0,,
"Home Depot, Inc. (The)",HD,Home Improvement Retail,2024,152669000000.0,101709000000.0,50960000000.0,21689000000.0,25114000000.0,1943000000.0,15143000000.0,3760000000.0,3328000000.0,20976000000.0,29775000000.0,76530000000.0,22015000000.0,75486000000.0,1368000000.0,42743000000.0,44111000000.0,1044000000.0,21172000000.0,-4729000000.0,-15443000000.0,-3226000000.0,0.0,,
"Home Depot, Inc. (The)",HD,Home Improvement Retail,2025,159514000000.0,106206000000.0,53308000000.0,21526000000.0,25488000000.0,2321000000.0,14806000000.0,1659000000.0,4903000000.0,23451000000.0,31683000000.0,96119000000.0,28661000000.0,89479000000.0,4898000000.0,48485000000.0,53383000000.0,6640000000.0,19810000000.0,-21031000000.0,-694000000.0,-3485000000.0,0.0,,
Johnson & Johnson,JNJ,Drug Manufacturers - General,2023,85159000000.0,26553000000.0,58606000000.0,22009000000.0,23320000000.0,772000000.0,35153000000.0,21859000000.0,19387000000.0,11181000000.0,53495000000.0,167558000000.0,46282000000.0,98784000000.0,3451000000.0,25881000000.0,29332000000.0,68774000000.0,22791000000.0,878000000.0,-15825000000.0,-5013000000.0,0.0,,
Johnson & Johnson,JNJ,Drug Manufacturers - General,2024,88821000000.0,27471000000.0,61350000000.0,21249000000.0,24781000000.0,755000000.0,14066000000.0,24105000000.0,18927000000.0,12444000000.0,55893000000.0,180104000000.0,50321000000.0,108614000000.0,5983000000.0,30651000000.0,36634000000.0,71490000000.0,24266000000.0,-18599000000.0,-3132000000.0,-6207000000.0,0.0,,
Johnson & Johnson,JNJ,Drug Manufacturers - General,2025,94193000000.0,30256000000.0,63937000000.0,25596000000.0,41055000000.0,971000000.0,26804000000.0,19709000000.0,21331000000.0,14191000000.0,55624000000.0,199210000000.0,54126000000.0,117666000000.0,8495000000.0,39438000000.0,47933000000.0,81544000000.0,24530000000.0,-23588000000.0,-5539000000.0,-5217000000.0,0.0,,
JP Morgan Chase & Co.,JPM,Banks - Diversified,2023,154952000000.0,,,,,81321000000.0,49552000000.0,624151000000.0,107363000000.0,0.0,,3875393000000.0,,3547515000000.0,44712000000.0,391825000000.0,436537000000.0,327878000000.0,12974000000.0,67643000000.0,-25571000000.0,,0.0,,
JP Morgan Chase & Co.,JPM,Banks - Diversified,2024,169439000000.0,,,,,101350000000.0,58471000000.0,469317000000.0,101223000000.0,0.0,,4002814000000.0,,3658056000000.0,52893000000.0,401418000000.0,454311000000.0,344758000000.0,-42012000000.0,-163403000000.0,63447000000.0,,0.0,,
JP Morgan Chase & Co.,JPM,Banks - Diversified,2025,181847000000.0,,,,,97898000000.0,57048000000.0,343338000000.0,111599000000.0,0.0,,4424900000000.0,,4062462000000.0,66012000000.0,433970000000.0,499982000000.0,362438000000.0,-147782000000.0,-265565000000.0,269533000000.0,,0.0,,
Coca-Cola Company (The),KO,Beverages - Non-Alcoholic,2023,45754000000.0,18520000000.0,27234000000.0,13098000000.0,15607000000.0,1527000000.0,10714000000.0,9366000000.0,3410000000.0,4424000000.0,26732000000.0,97703000000.0,23571000000.0,70223000000.0,6517000000.0,35547000000.0,42064000000.0,25941000000.0,11599000000.0,-3349000000.0,-8310000000.0,-1852000000.0,0.0,,
Coca-Cola Company (The),KO,Beverages - Non-Alcoholic,2024,47061000000.0,18324000000.0,28737000000.0,14022000000.0,15817000000.0,1656000000.0,10631000000.0,10828000000.0,3569000000.0,4728000000.0,25997000000.0,100549000000.0,25249000000.0,74177000000.0,2147000000.0,42375000000.0,44522000000.0,24856000000.0,6805000000.0,2524000000.0,-6910000000.0,-2064000000.0,0.0,,
Coca-Cola Company (The),KO,Beverages - Non-Alcoholic,2025,47941000000.0,18397000000.0,29544000000.0,14911000000.0,18702000000.0,1654000000.0,13107000000.0,10270000000.0,3038000000.0,4425000000.0,31044000000.0,104816000000.0,21281000000.0,70541000000.0,3373000000.0,42119000000.0,45492000000.0,32169000000.0,7408000000.0,-67000000.0,-8140000000.0,-2112000000.0,0.0,,
Kohl's Corporation,KSS,Department Stores,2023,18098000000.0,11457000000.0,6641000000.0,246000000.0,1054000000.0,304000000.0,-19000000.0,153000000.0,210000000.0,3189000000.0,3736000000.0,14345000000.0,3115000000.0,10582000000.0,360000000.0,1637000000.0,1997000000.0,3763000000.0,282000000.0,-783000000.0,-933000000.0,-826000000.0,1.0,Severe Operating Profit Erosion & Credit Facility Amendments,2024.0
Kohl's Corporation,KSS,Department Stores,2024,17476000000.0,10498000000.0,6978000000.0,717000000.0,1466000000.0,344000000.0,317000000.0,183000000.0,167000000.0,2880000000.0,3410000000.0,14009000000.0,2612000000.0,10116000000.0,92000000.0,1638000000.0,1730000000.0,3893000000.0,1168000000.0,-562000000.0,-576000000.0,-577000000.0,1.0,Severe Operating Profit Erosion & Credit Facility Amendments,2024.0
Kohl's Corporation,KSS,Department Stores,2025,16221000000.0,9661000000.0,6560000000.0,509000000.0,1176000000.0,319000000.0,109000000.0,134000000.0,159000000.0,2945000000.0,3388000000.0,13559000000.0,3131000000.0,9757000000.0,643000000.0,1174000000.0,1817000000.0,3802000000.0,648000000.0,-467000000.0,-230000000.0,-466000000.0,0.0,,
"Lucid Group, Inc.",LCID,Auto Manufacturers,2023,595271000.0,1936066000.0,-1340795000.0,-3075042000.0,-2568948000.0,24915000.0,-2828420000.0,1369947000.0,51822000.0,696236000.0,4757155000.0,8512718000.0,1008410000.0,3661026000.0,72533000.0,1996960000.0,2069493000.0,4851692000.0,-2489753000.0,-946975000.0,3070915000.0,-910644000.0,1.0,Sustained Operating Deficit / Dilutive Emergency Financing,2024.0
"Lucid Group, Inc.",LCID,Auto Manufacturers,2024,807832000.0,1730943000.0,-923111000.0,-3000516000.0,-2384483000.0,32923000.0,-2713942000.0,1606865000.0,112025000.0,407774000.0,4873936000.0,9647931000.0,1165291000.0,5775119000.0,126417000.0,2002151000.0,2128568000.0,3872812000.0,-2019674000.0,-1294454000.0,3549673000.0,-883841000.0,1.0,Sustained Operating Deficit / Dilutive Emergency Financing,2024.0
"Lucid Group, Inc.",LCID,Auto Manufacturers,2025,1353790000.0,2610176000.0,-1256386000.0,-3501753000.0,-2154040000.0,95101000.0,-2698051000.0,997827000.0,177162000.0,1109529000.0,3299651000.0,8386981000.0,2636130000.0,7669694000.0,671746000.0,2046576000.0,2718322000.0,717287000.0,-2931912000.0,1478429000.0,887344000.0,-868158000.0,0.0,,
Linde plc,LIN,Specialty Chemicals,2023,32854000000.0,17492000000.0,15362000000.0,8105000000.0,12217000000.0,413000000.0,6199000000.0,4664000000.0,5092000000.0,2115000000.0,12620000000.0,80811000000.0,15717000000.0,39716000000.0,5976000000.0,13397000000.0,19373000000.0,39720000000.0,9305000000.0,-4670000000.0,-5400000000.0,-3787000000.0,0.0,,
Linde plc,LIN,Specialty Chemicals,2024,33005000000.0,17143000000.0,15862000000.0,8595000000.0,12836000000.0,487000000.0,6565000000.0,4850000000.0,5062000000.0,1946000000.0,12945000000.0,80147000000.0,14544000000.0,40659000000.0,6280000000.0,15343000000.0,21623000000.0,38092000000.0,9423000000.0,-4644000000.0,-4359000000.0,-4497000000.0,0.0,,
Linde plc,LIN,Specialty Chemicals,2025,33986000000.0,17389000000.0,16597000000.0,9254000000.0,13124000000.0,464000000.0,6898000000.0,5056000000.0,5464000000.0,2055000000.0,13325000000.0,86817000000.0,15198000000.0,47076000000.0,6306000000.0,20683000000.0,26989000000.0,38245000000.0,10350000000.0,-5721000000.0,-4554000000.0,-5261000000.0,0.0,,
"Lumen Technologies, Inc.",LUMN,Telecom Services,2023,14557000000.0,7144000000.0,7413000000.0,1230000000.0,-6094000000.0,1158000000.0,-10298000000.0,2234000000.0,1610000000.0,209000000.0,4775000000.0,34018000000.0,3534000000.0,33601000000.0,157000000.0,19831000000.0,19988000000.0,417000000.0,2160000000.0,-1201000000.0,-18000000.0,-3100000000.0,1.0,Comprehensive Distressed Debt Restructuring,2024.0
"Lumen Technologies, Inc.",LUMN,Telecom Services,2024,13108000000.0,6703000000.0,6405000000.0,477000000.0,4098000000.0,1372000000.0,-55000000.0,1889000000.0,1730000000.0,146000000.0,4394000000.0,33496000000.0,3639000000.0,33032000000.0,412000000.0,17494000000.0,17906000000.0,464000000.0,4333000000.0,-2830000000.0,-1851000000.0,-3231000000.0,1.0,Comprehensive Distressed Debt Restructuring,2024.0
"Lumen Technologies, Inc.",LUMN,Telecom Services,2025,12402000000.0,6638000000.0,5764000000.0,-184000000.0,1317000000.0,1284000000.0,-1739000000.0,1003000000.0,1800000000.0,165000000.0,7909000000.0,34342000000.0,4390000000.0,35459000000.0,88000000.0,17353000000.0,17441000000.0,-1117000000.0,4738000000.0,-4305000000.0,-1319000000.0,-4367000000.0,0.0,,
McDonald's Corporation,MCD,Restaurants,2023,25495000000.0,10931000000.0,14564000000.0,11747000000.0,13861000000.0,1361000000.0,8469000000.0,4579000000.0,2488000000.0,53000000.0,7986000000.0,56147000000.0,6859000000.0,60854000000.0,2192000000.0,37153000000.0,39345000000.0,-4706000000.0,9612000000.0,-3185000000.0,-4374000000.0,-2357000000.0,0.0,,
McDonald's Corporation,MCD,Restaurants,2024,25920000000.0,11210000000.0,14710000000.0,11851000000.0,13948000000.0,1506000000.0,8223000000.0,1085000000.0,2383000000.0,56000000.0,4599000000.0,55182000000.0,3861000000.0,58979000000.0,636000000.0,38424000000.0,39060000000.0,-3796000000.0,9447000000.0,-5346000000.0,-7495000000.0,-2775000000.0,0.0,,
McDonald's Corporation,MCD,Restaurants,2025,26885000000.0,11451000000.0,15434000000.0,12394000000.0,14678000000.0,1582000000.0,8563000000.0,774000000.0,2466000000.0,61000000.0,4163000000.0,59515000000.0,4361000000.0,61306000000.0,694000000.0,39973000000.0,40667000000.0,-1790000000.0,10551000000.0,-3822000000.0,-7125000000.0,-3365000000.0,0.0,,
Microsoft Corporation,MSFT,Software - Infrastructure,2023,211915000000.0,65863000000.0,146052000000.0,88523000000.0,105140000000.0,1968000000.0,72361000000.0,34704000000.0,48688000000.0,2500000000.0,184257000000.0,411976000000.0,104149000000.0,205753000000.0,5247000000.0,41990000000.0,47237000000.0,206223000000.0,87582000000.0,-22680000000.0,-43935000000.0,-28107000000.0,0.0,,
Microsoft Corporation,MSFT,Software - Infrastructure,2024,245122000000.0,74114000000.0,171008000000.0,109433000000.0,131680000000.0,2935000000.0,88136000000.0,18315000000.0,56924000000.0,1246000000.0,159734000000.0,512163000000.0,125286000000.0,243686000000.0,8942000000.0,42688000000.0,51630000000.0,268477000000.0,118548000000.0,-96970000000.0,-37757000000.0,-44477000000.0,0.0,,
Microsoft Corporation,MSFT,Software - Infrastructure,2025,281724000000.0,87831000000.0,193893000000.0,128528000000.0,155445000000.0,2385000000.0,101832000000.0,30242000000.0,69905000000.0,938000000.0,191131000000.0,619003000000.0,141218000000.0,275524000000.0,2999000000.0,40152000000.0,43151000000.0,343479000000.0,136162000000.0,-72599000000.0,-51699000000.0,-64551000000.0,0.0,,
"Microvision, Inc.",MVIS,Scientific & Technical Instruments,2023,7259000.0,2772000.0,4487000.0,-88909000.0,-73752000.0,80000.0,-82842000.0,45167000.0,949000.0,3874000.0,86754000.0,129635000.0,20503000.0,33831000.0,2323000.0,12714000.0,15037000.0,95804000.0,-67090000.0,21822000.0,72438000.0,-1935000.0,1.0,Going Concern & Continuous ATM Equity Financing,2023.0
"Microvision, Inc.",MVIS,Scientific & Technical Instruments,2024,4696000.0,7530000.0,-2834000.0,-81195000.0,-85031000.0,4457000.0,-96915000.0,54486000.0,926000.0,2294000.0,82470000.0,121161000.0,45951000.0,72392000.0,24248000.0,8754000.0,33002000.0,48769000.0,-68540000.0,2672000.0,72890000.0,-374000.0,0.0,,
"Microvision, Inc.",MVIS,Scientific & Technical Instruments,2025,1208000.0,18548000.0,-17340000.0,-69385000.0,-70710000.0,18531000.0,-94981000.0,32363000.0,47000.0,745000.0,81112000.0,103119000.0,30149000.0,47571000.0,19212000.0,14061000.0,33273000.0,55548000.0,-58720000.0,-24648000.0,60869000.0,-679000.0,0.0,,
Norwegian Cruise Line Holdings,NCLH,Travel Services,2023,8549924000.0,5468587000.0,3081337000.0,930911000.0,1773943000.0,727531000.0,166178000.0,402415000.0,280271000.0,157646000.0,1313148000.0,19492990000.0,6038701000.0,19192183000.0,1744778000.0,12314147000.0,14058925000.0,300807000.0,2005714000.0,-2897143000.0,346857000.0,-2750362000.0,1.0,Elevated Debt / Interest Coverage Deficit,2023.0
Norwegian Cruise Line Holdings,NCLH,Travel Services,2024,9479651000.0,5688696000.0,3790955000.0,1465906000.0,2493642000.0,747223000.0,910257000.0,190765000.0,221412000.0,149718000.0,1010104000.0,19969811000.0,5780865000.0,18544372000.0,1323769000.0,11776721000.0,13100490000.0,1425439000.0,2049823000.0,-1229388000.0,-1032085000.0,-1210952000.0,0.0,,
Norwegian Cruise Line Holdings,NCLH,Travel Services,2025,9827592000.0,5639163000.0,4188429000.0,1560868000.0,2544335000.0,953506000.0,423246000.0,209893000.0,291659000.0,138181000.0,1138541000.0,22541401000.0,5452577000.0,20331513000.0,875899000.0,13730277000.0,14606176000.0,2209888000.0,2089746000.0,-3264691000.0,1194073000.0,-3259606000.0,0.0,,
"NextEra Energy, Inc.",NEE,Utilities - Regulated Electric,2023,28114000000.0,10138000000.0,17976000000.0,9832000000.0,16763000000.0,3324000000.0,7310000000.0,2690000000.0,6040000000.0,2106000000.0,15361000000.0,177489000000.0,27963000000.0,118465000000.0,11806000000.0,61405000000.0,73211000000.0,47468000000.0,11301000000.0,-23467000000.0,12149000000.0,-9548000000.0,0.0,,
"NextEra Energy, Inc.",NEE,Utilities - Regulated Electric,2024,24753000000.0,9886000000.0,14867000000.0,7127000000.0,14033000000.0,2235000000.0,6946000000.0,1487000000.0,4516000000.0,2214000000.0,11951000000.0,190144000000.0,25355000000.0,129283000000.0,9948000000.0,72385000000.0,82333000000.0,50101000000.0,13260000000.0,-22264000000.0,7000000000.0,-8514000000.0,0.0,,
"NextEra Energy, Inc.",NEE,Utilities - Regulated Electric,2025,27412000000.0,10343000000.0,17069000000.0,8020000000.0,16043000000.0,4572000000.0,6835000000.0,2812000000.0,5751000000.0,2420000000.0,13584000000.0,212721000000.0,22817000000.0,146242000000.0,6063000000.0,89556000000.0,95619000000.0,54608000000.0,12485000000.0,-23865000000.0,12979000000.0,-9274000000.0,0.0,,
"Nike, Inc.",NKE,Footwear & Accessories,2023,51217000000.0,28925000000.0,22292000000.0,5915000000.0,6774000000.0,,5070000000.0,7441000000.0,4131000000.0,8454000000.0,25202000000.0,37531000000.0,9256000000.0,23527000000.0,6000000.0,8927000000.0,8933000000.0,14004000000.0,5841000000.0,564000000.0,-7447000000.0,-969000000.0,0.0,,
"Nike, Inc.",NKE,Footwear & Accessories,2024,51362000000.0,28475000000.0,22887000000.0,6311000000.0,7155000000.0,,5700000000.0,9860000000.0,4427000000.0,7519000000.0,25382000000.0,38110000000.0,10593000000.0,23680000000.0,1006000000.0,7903000000.0,8909000000.0,14430000000.0,7429000000.0,894000000.0,-5888000000.0,-812000000.0,0.0,,
"Nike, Inc.",NKE,Footwear & Accessories,2025,46309000000.0,26519000000.0,19790000000.0,3702000000.0,4510000000.0,,3219000000.0,7464000000.0,4717000000.0,7489000000.0,23362000000.0,36579000000.0,10566000000.0,23366000000.0,5000000.0,7961000000.0,7966000000.0,13213000000.0,3698000000.0,-275000000.0,-5820000000.0,-430000000.0,0.0,,
NVIDIA Corporation,NVDA,Semiconductors,2023,26974000000.0,11618000000.0,15356000000.0,5577000000.0,5986000000.0,262000000.0,4368000000.0,3389000000.0,3827000000.0,5159000000.0,23073000000.0,41182000000.0,6563000000.0,19081000000.0,1250000000.0,9703000000.0,10953000000.0,22101000000.0,5641000000.0,7375000000.0,-11617000000.0,-1833000000.0,0.0,,
NVIDIA Corporation,NVDA,Semiconductors,2024,60922000000.0,16621000000.0,44301000000.0,32972000000.0,35583000000.0,257000000.0,29760000000.0,7280000000.0,9999000000.0,5282000000.0,44345000000.0,65728000000.0,10631000000.0,22750000000.0,1250000000.0,8459000000.0,9709000000.0,42978000000.0,28090000000.0,-10566000000.0,-13633000000.0,-1069000000.0,0.0,,
NVIDIA Corporation,NVDA,Semiconductors,2025,130497000000.0,32639000000.0,97858000000.0,81453000000.0,86137000000.0,247000000.0,72880000000.0,8589000000.0,23065000000.0,10080000000.0,80126000000.0,111601000000.0,18047000000.0,32274000000.0,288000000.0,8463000000.0,8751000000.0,79327000000.0,64089000000.0,-20421000000.0,-42359000000.0,-3236000000.0,0.0,,
Opendoor Technologies Inc,OPEN,Real Estate Services,2023,6946000000.0,6459000000.0,487000000.0,-372000000.0,9000000.0,211000000.0,-275000000.0,999000000.0,,1775000000.0,3445000000.0,3567000000.0,70000000.0,2600000000.0,5000000.0,2510000000.0,2515000000.0,967000000.0,2344000000.0,44000000.0,-2639000000.0,-37000000.0,1.0,Severe Inventory Write-downs & Heavy Losses,2023.0
Opendoor Technologies Inc,OPEN,Real Estate Services,2024,5153000000.0,4720000000.0,433000000.0,-303000000.0,-205000000.0,133000000.0,-392000000.0,671000000.0,,2159000000.0,2997000000.0,3126000000.0,529000000.0,2413000000.0,432000000.0,1870000000.0,2302000000.0,713000000.0,-595000000.0,28000000.0,-210000000.0,-25000000.0,0.0,,
Opendoor Technologies Inc,OPEN,Real Estate Services,2025,4371000000.0,4021000000.0,350000000.0,-277000000.0,-1123000000.0,131000000.0,-1300000000.0,962000000.0,,925000000.0,2299000000.0,2407000000.0,327000000.0,1402000000.0,245000000.0,1068000000.0,1313000000.0,1005000000.0,1049000000.0,-12000000.0,-499000000.0,-12000000.0,0.0,,
"Banzai International, Inc.",PARA,Software - Application,2023,4561300.0,1444618.0,3116682.0,-9795551.0,-8671383.0,5554474.0,-14406262.0,2093718.0,105049.0,0.0,2939922.0,5288486.0,37089615.0,37164615.0,16164856.0,0.0,16164856.0,-31876129.0,-1550781.0,0.0,2621000.0,,1.0,Credit Rating Downgrade to Junk / $6B Impairment,2024.0
"Banzai International, Inc.",PARA,Software - Application,2024,4527879.0,1422542.0,3105337.0,-13467744.0,-28304392.0,3047101.0,-31513389.0,1087497.0,937121.0,0.0,2667492.0,25674078.0,28260148.0,28437880.0,12429758.0,49974.0,12479732.0,-2763802.0,-9575403.0,82219.0,8486963.0,,1.0,Credit Rating Downgrade to Junk / $6B Impairment,2024.0
"Banzai International, Inc.",PARA,Software - Application,2025,12161419.0,2188583.0,9972836.0,-18464980.0,-18879800.0,2384493.0,-22492075.0,259205.0,722066.0,0.0,1413497.0,31631514.0,22370810.0,23576513.0,10570412.0,33922.0,10604334.0,8055001.0,-15706619.0,-2678980.0,17633523.0,,0.0,,
"Pepsico, Inc.",PEP,Beverages - Non-Alcoholic,2023,91471000000.0,41881000000.0,49590000000.0,12913000000.0,15754000000.0,819000000.0,9074000000.0,9711000000.0,10815000000.0,5334000000.0,26950000000.0,100495000000.0,31647000000.0,81858000000.0,6510000000.0,37595000000.0,44105000000.0,18503000000.0,13442000000.0,-5495000000.0,-3009000000.0,-5518000000.0,0.0,,
"Pepsico, Inc.",PEP,Beverages - Non-Alcoholic,2024,91854000000.0,41744000000.0,50110000000.0,12920000000.0,16680000000.0,919000000.0,9578000000.0,8505000000.0,10333000000.0,5306000000.0,25826000000.0,99467000000.0,31536000000.0,81296000000.0,7082000000.0,37224000000.0,44306000000.0,18041000000.0,12507000000.0,-5472000000.0,-7556000000.0,-5318000000.0,0.0,,
"Pepsico, Inc.",PEP,Beverages - Non-Alcoholic,2025,93925000000.0,43066000000.0,50859000000.0,13491000000.0,15543000000.0,1121000000.0,8240000000.0,9159000000.0,11506000000.0,5845000000.0,27949000000.0,107399000000.0,32764000000.0,86852000000.0,6861000000.0,42321000000.0,49182000000.0,20406000000.0,12087000000.0,-6879000000.0,-4979000000.0,-4415000000.0,0.0,,
Procter & Gamble Company (The),PG,Household & Personal Products,2023,82006000000.0,42760000000.0,39246000000.0,18134000000.0,21823000000.0,756000000.0,14653000000.0,8246000000.0,5471000000.0,7073000000.0,22648000000.0,120829000000.0,35756000000.0,73764000000.0,10229000000.0,24378000000.0,34607000000.0,46777000000.0,16848000000.0,-3500000000.0,-12146000000.0,-3062000000.0,0.0,,
Procter & Gamble Company (The),PG,Household & Personal Products,2024,84039000000.0,40848000000.0,43191000000.0,19886000000.0,22582000000.0,925000000.0,14879000000.0,9482000000.0,6118000000.0,7016000000.0,24709000000.0,122370000000.0,33627000000.0,71812000000.0,7191000000.0,25269000000.0,32460000000.0,50286000000.0,19846000000.0,-3504000000.0,-14855000000.0,-3322000000.0,0.0,,
Procter & Gamble Company (The),PG,Household & Personal Products,2025,84284000000.0,41164000000.0,43120000000.0,20451000000.0,23921000000.0,907000000.0,15974000000.0,9556000000.0,6185000000.0,7551000000.0,25392000000.0,125231000000.0,36058000000.0,72947000000.0,9512000000.0,24995000000.0,34507000000.0,52012000000.0,17817000000.0,-3818000000.0,-14036000000.0,-3773000000.0,0.0,,
"Plug Power, Inc.",PLUG,Electrical Equipment & Parts,2023,891340000.0,1399131000.0,-507791000.0,-1044005000.0,-1259913000.0,45201000.0,-1368833000.0,135033000.0,370059000.0,961253000.0,1786965000.0,4902738000.0,964800000.0,2004613000.0,86747000.0,480836000.0,567583000.0,2898125000.0,-1106570000.0,728052000.0,6117000.0,-696126000.0,1.0,Formal Going Concern Qualification (Form 10-K),2023.0
"Plug Power, Inc.",PLUG,Electrical Equipment & Parts,2024,628814000.0,1253701000.0,-624887000.0,-1078223000.0,-1976413000.0,46622000.0,-2104701000.0,205693000.0,251296000.0,682642000.0,1477484000.0,3602846000.0,748489000.0,1795090000.0,142348000.0,587310000.0,729658000.0,1734137000.0,-728643000.0,-402364000.0,983170000.0,-334248000.0,0.0,,
"Plug Power, Inc.",PLUG,Electrical Equipment & Parts,2025,709919000.0,951959000.0,-242040000.0,-679570000.0,-1583625000.0,65127000.0,-1631594000.0,368540000.0,240026000.0,520968000.0,1410268000.0,2594568000.0,610588000.0,1591254000.0,79369000.0,624126000.0,703495000.0,978069000.0,-535835000.0,-139008000.0,629953000.0,-125640000.0,0.0,,
"Peloton Interactive, Inc.",PTON,Leisure,2023,2800300000.0,1876700000.0,923500000.0,-863200000.0,-1036600000.0,97100000.0,-1261700000.0,813900000.0,97200000.0,522600000.0,1639100000.0,2769100000.0,761400000.0,3064300000.0,7500000.0,1678900000.0,1686400000.0,-295200000.0,-387600000.0,-69900000.0,76800000.0,-82400000.0,1.0,Comprehensive Debt Refinancing & Restructuring,2024.0
"Peloton Interactive, Inc.",PTON,Leisure,2024,2700400000.0,1494000000.0,1206500000.0,-405600000.0,-330800000.0,112500000.0,-551900000.0,697600000.0,103600000.0,329700000.0,1266000000.0,2185200000.0,685200000.0,2704400000.0,10000000.0,1490100000.0,1500100000.0,-519200000.0,-66100000.0,26800000.0,-94400000.0,-19700000.0,1.0,Comprehensive Debt Refinancing & Restructuring,2024.0
"Peloton Interactive, Inc.",PTON,Leisure,2025,2490800000.0,1222500000.0,1268300000.0,61700000.0,108600000.0,134500000.0,-118900000.0,1039500000.0,101200000.0,205600000.0,1437600000.0,2125300000.0,803900000.0,2539000000.0,208500000.0,1290500000.0,1499000000.0,-413700000.0,333000000.0,-5100000.0,1700000.0,-9300000.0,0.0,,
"Rivian Automotive, Inc.",RIVN,Auto Manufacturers,2023,4434000000.0,6464000000.0,-2030000000.0,-5739000000.0,-4274000000.0,220000000.0,-5432000000.0,7857000000.0,161000000.0,2620000000.0,12313000000.0,16778000000.0,2487000000.0,7637000000.0,361000000.0,4431000000.0,4792000000.0,9141000000.0,-4866000000.0,-2511000000.0,3130000000.0,-1026000000.0,1.0,Cash Burn Deficit / Capital Support Agreement,2024.0
"Rivian Automotive, Inc.",RIVN,Auto Manufacturers,2024,4970000000.0,6170000000.0,-1200000000.0,-4689000000.0,-3392000000.0,318000000.0,-4747000000.0,5294000000.0,443000000.0,2248000000.0,10583000000.0,15410000000.0,2251000000.0,8848000000.0,917000000.0,4441000000.0,5358000000.0,6558000000.0,-1716000000.0,-1980000000.0,1136000000.0,-1141000000.0,1.0,Cash Burn Deficit / Capital Support Agreement,2024.0
"Rivian Automotive, Inc.",RIVN,Auto Manufacturers,2025,5387000000.0,5243000000.0,144000000.0,-3585000000.0,-2562000000.0,274000000.0,-3646000000.0,3579000000.0,555000000.0,1594000000.0,8592000000.0,14864000000.0,3693000000.0,10270000000.0,1660000000.0,4440000000.0,6100000000.0,4566000000.0,-779000000.0,-1828000000.0,886000000.0,-1710000000.0,0.0,,
"Virgin Galactic Holdings, Inc.",SPCE,Aerospace & Defense,2023,6800000.0,50538000.0,-43738000.0,-527111000.0,-475643000.0,12872000.0,-502337000.0,216799000.0,,16301000.0,950829000.0,1179517000.0,185660000.0,674041000.0,0.0,417886000.0,417886000.0,505476000.0,-448193000.0,-116273000.0,475431000.0,-44309000.0,1.0,Severe Cash Drain / Restructuring,2024.0
"Virgin Galactic Holdings, Inc.",SPCE,Aerospace & Defense,2024,7036000.0,90024000.0,-82988000.0,-376629000.0,-318272000.0,12927000.0,-346740000.0,178605000.0,,0.0,627936000.0,961225000.0,150010000.0,638945000.0,0.0,420120000.0,420120000.0,322280000.0,-352703000.0,175656000.0,134340000.0,-121855000.0,1.0,Severe Cash Drain / Restructuring,2024.0
"Virgin Galactic Holdings, Inc.",SPCE,Aerospace & Defense,2025,1544000.0,72769000.0,-71225000.0,-285343000.0,-249588000.0,12782000.0,-278907000.0,144727000.0,,0.0,372898000.0,803179000.0,209323000.0,529215000.0,47830000.0,276362000.0,324192000.0,273964000.0,-240142000.0,90843000.0,114129000.0,-198045000.0,0.0,,
Thermo Fisher Scientific Inc,TMO,Diagnostics & Research,2023,42857000000.0,25757000000.0,17100000000.0,7318000000.0,11079000000.0,1375000000.0,5995000000.0,8077000000.0,9664000000.0,5088000000.0,24589000000.0,98726000000.0,14012000000.0,51884000000.0,3609000000.0,31308000000.0,34917000000.0,46735000000.0,8406000000.0,-5142000000.0,-3622000000.0,-1479000000.0,0.0,,
Thermo Fisher Scientific Inc,TMO,Diagnostics & Research,2024,42879000000.0,25177000000.0,17702000000.0,7717000000.0,11535000000.0,1390000000.0,6335000000.0,4009000000.0,9626000000.0,4978000000.0,22137000000.0,97321000000.0,13332000000.0,47649000000.0,2214000000.0,29061000000.0,31275000000.0,49585000000.0,8667000000.0,-5841000000.0,-6792000000.0,-1400000000.0,0.0,,
Thermo Fisher Scientific Inc,TMO,Diagnostics & Research,2025,44557000000.0,26318000000.0,18239000000.0,8110000000.0,11507000000.0,1419000000.0,6704000000.0,9852000000.0,10566000000.0,5425000000.0,28707000000.0,110343000000.0,15189000000.0,56807000000.0,3533000000.0,35852000000.0,39385000000.0,53407000000.0,7818000000.0,-4047000000.0,1801000000.0,-1525000000.0,0.0,,
"Upstart Holdings, Inc.",UPST,Credit Services,2023,508119000.0,,,,,39600000.0,-240132000.0,377324000.0,55337000.0,0.0,,2017100000.0,,1381795000.0,387425000.0,652999000.0,1040424000.0,635305000.0,-111712000.0,-118455000.0,165487000.0,-12086000.0,1.0,Credit Performance Deterioration & Loan Impairment,2023.0
"Upstart Holdings, Inc.",UPST,Credit Services,2024,628834000.0,,,,,48127000.0,-128581000.0,793607000.0,126557000.0,0.0,,2366958000.0,,1733740000.0,195605000.0,1206563000.0,1402168000.0,633218000.0,186331000.0,-237726000.0,559871000.0,-9990000.0,0.0,,
"Upstart Holdings, Inc.",UPST,Credit Services,2025,1023985000.0,,,,,51536000.0,53601000.0,657445000.0,256805000.0,0.0,,2974805000.0,,2175990000.0,97333000.0,1731812000.0,1829145000.0,798815000.0,-147725000.0,-177171000.0,405645000.0,-18407000.0,0.0,,
Visa Inc.,V,Credit Services,2023,32653000000.0,6567000000.0,26086000000.0,21927000000.0,22624000000.0,644000000.0,17273000000.0,16286000000.0,4474000000.0,0.0,33532000000.0,90499000000.0,23098000000.0,51766000000.0,0.0,20463000000.0,20463000000.0,38733000000.0,20755000000.0,-2006000000.0,-17772000000.0,-1059000000.0,0.0,,
Visa Inc.,V,Credit Services,2024,35926000000.0,7042000000.0,28884000000.0,24057000000.0,25591000000.0,641000000.0,19743000000.0,11975000000.0,7015000000.0,0.0,34033000000.0,94511000000.0,26517000000.0,55374000000.0,0.0,20836000000.0,20836000000.0,39137000000.0,19950000000.0,-1926000000.0,-20633000000.0,-1257000000.0,0.0,,
Visa Inc.,V,Credit Services,2025,40000000000.0,7855000000.0,32145000000.0,26556000000.0,26003000000.0,589000000.0,20058000000.0,17164000000.0,7317000000.0,0.0,37766000000.0,99627000000.0,35048000000.0,61718000000.0,5569000000.0,19602000000.0,25171000000.0,37909000000.0,23059000000.0,708000000.0,-18963000000.0,-1482000000.0,0.0,,
"Warner Bros. Discovery, Inc.",WBD,Entertainment,2023,41321000000.0,24526000000.0,16795000000.0,-886000000.0,22367000000.0,2221000000.0,-3126000000.0,3780000000.0,7312000000.0,0.0,14218000000.0,122757000000.0,15332000000.0,76285000000.0,1780000000.0,41889000000.0,43669000000.0,45226000000.0,7477000000.0,-1259000000.0,-5837000000.0,-1316000000.0,1.0,Massive Goodwill Impairment ($9.1B) & Debt Burden,2024.0
"Warner Bros. Discovery, Inc.",WBD,Entertainment,2024,39321000000.0,22970000000.0,16351000000.0,18000000.0,11612000000.0,2017000000.0,-11311000000.0,5312000000.0,5926000000.0,0.0,14078000000.0,104560000000.0,15810000000.0,69622000000.0,2748000000.0,36757000000.0,39505000000.0,34037000000.0,5375000000.0,-349000000.0,-3749000000.0,-948000000.0,1.0,Massive Goodwill Impairment ($9.1B) & Debt Burden,2024.0
"Warner Bros. Discovery, Inc.",WBD,Entertainment,2025,37296000000.0,20885000000.0,16411000000.0,1309000000.0,21263000000.0,2085000000.0,727000000.0,4566000000.0,6366000000.0,0.0,13206000000.0,100085000000.0,12500000000.0,62919000000.0,139000000.0,32428000000.0,32567000000.0,35919000000.0,4319000000.0,-1179000000.0,-4240000000.0,-1231000000.0,0.0,,
Walmart Inc.,WMT,Discount Stores,2023,611289000000.0,463721000000.0,147568000000.0,20428000000.0,30089000000.0,2128000000.0,11680000000.0,8625000000.0,7933000000.0,56576000000.0,75655000000.0,243197000000.0,92198000000.0,159206000000.0,4563000000.0,34649000000.0,39212000000.0,76693000000.0,28841000000.0,-17722000000.0,-17039000000.0,-16857000000.0,0.0,,
Walmart Inc.,WMT,Discount Stores,2024,648125000000.0,490142000000.0,157983000000.0,27012000000.0,36384000000.0,2683000000.0,15511000000.0,9867000000.0,8796000000.0,54892000000.0,76877000000.0,252399000000.0,92415000000.0,161828000000.0,4325000000.0,36132000000.0,40457000000.0,83861000000.0,35726000000.0,-21287000000.0,-13414000000.0,-20606000000.0,0.0,,
Walmart Inc.,WMT,Discount Stores,2025,680985000000.0,511753000000.0,169232000000.0,29348000000.0,42010000000.0,2728000000.0,19436000000.0,9037000000.0,9975000000.0,56435000000.0,79458000000.0,260823000000.0,96584000000.0,163131000000.0,5666000000.0,33401000000.0,39067000000.0,91013000000.0,36443000000.0,-21379000000.0,-14822000000.0,-23783000000.0,0.0,,
ExxonMobil Holdings Corporation,XOM,Oil & Gas Integrated,2023,334697000000.0,250555000000.0,84142000000.0,44461000000.0,74273000000.0,849000000.0,36010000000.0,31539000000.0,38015000000.0,25120000000.0,96609000000.0,376317000000.0,65316000000.0,163779000000.0,4090000000.0,33645000000.0,37735000000.0,204802000000.0,55369000000.0,-19274000000.0,-34297000000.0,-21919000000.0,0.0,,
ExxonMobil Holdings Corporation,XOM,Oil & Gas Integrated,2024,339247000000.0,262505000000.0,76742000000.0,39652000000.0,73311000000.0,996000000.0,33680000000.0,23029000000.0,43681000000.0,23524000000.0,91990000000.0,453475000000.0,70307000000.0,182869000000.0,4955000000.0,32804000000.0,37759000000.0,263705000000.0,55022000000.0,-19938000000.0,-42789000000.0,-24306000000.0,0.0,,
ExxonMobil Holdings Corporation,XOM,Oil & Gas Integrated,2025,323905000000.0,252665000000.0,71240000000.0,33938000000.0,67864000000.0,603000000.0,28844000000.0,10681000000.0,44562000000.0,26302000000.0,83382000000.0,448980000000.0,72330000000.0,182354000000.0,9296000000.0,27928000000.0,37224000000.0,259386000000.0,51970000000.0,-25927000000.0,-39081000000.0,-28358000000.0,0.0,,
